{"class_map": {"valid": [{"map95": 0.3548081130297229, "map50": 0.906775655138607, "class": "all"}]}}